<?xml version="1.0" encoding="UTF-8" standalone="no"?>
<!-- Generated 22 may. 2021 11:28:27 by Hibernate Tools 5.4.12.Final --><!DOCTYPE hibernate-mapping PUBLIC "-//Hibernate/Hibernate Mapping DTD 3.0//EN" "http://www.hibernate.org/dtd/hibernate-mapping-3.0.dtd">
<hibernate-mapping auto-import="true" default-access="property" default-cascade="none" default-lazy="true">
    <class catalog="bd_neptuno" dynamic-insert="false" dynamic-update="false" mutable="true" name="modelos.Alumno" optimistic-lock="version" polymorphism="implicit" select-before-update="false" table="alumno">
        <id name="idalumno" type="int">
            <column name="IDALUMNO"/>
            <generator class="assigned"/>
        </id>
        <property generated="never" lazy="false" name="apellido" optimistic-lock="true" type="string" unique="false">
            <column name="APELLIDO"/>
        </property>
        <property generated="never" lazy="false" name="edad" optimistic-lock="true" type="java.lang.Integer" unique="false">
            <column name="EDAD"/>
        </property>
        <property generated="never" lazy="false" name="nombre" optimistic-lock="true" type="string" unique="false">
            <column name="NOMBRE"/>
        </property>
    </class>
</hibernate-mapping>
