<?xml version="1.0" encoding="UTF-8" standalone="no"?>
<!-- Generated 22 may. 2021 11:28:27 by Hibernate Tools 5.4.12.Final --><!DOCTYPE hibernate-mapping PUBLIC "-//Hibernate/Hibernate Mapping DTD 3.0//EN" "http://www.hibernate.org/dtd/hibernate-mapping-3.0.dtd">
<hibernate-mapping auto-import="true" default-access="property" default-cascade="none" default-lazy="true">
    <class catalog="bd_neptuno" dynamic-insert="false" dynamic-update="false" mutable="true" name="modelos.Clientes" optimistic-lock="version" polymorphism="implicit" select-before-update="false" table="clientes">
        <id name="id" type="java.lang.Integer">
            <column name="id"/>
            <generator class="identity"/>
        </id>
        <property generated="never" lazy="false" name="codigo" optimistic-lock="true" type="string" unique="false">
            <column length="5" name="codigo" not-null="true" unique="true"/>
        </property>
        <property generated="never" lazy="false" name="empresa" optimistic-lock="true" type="string" unique="false">
            <column length="40" name="empresa" not-null="true" unique="true"/>
        </property>
        <property generated="never" lazy="false" name="contacto" optimistic-lock="true" type="string" unique="false">
            <column length="30" name="contacto"/>
        </property>
        <property generated="never" lazy="false" name="cargoContacto" optimistic-lock="true" type="string" unique="false">
            <column length="30" name="cargo_contacto"/>
        </property>
        <property generated="never" lazy="false" name="direccion" optimistic-lock="true" type="string" unique="false">
            <column length="60" name="direccion"/>
        </property>
        <property generated="never" lazy="false" name="ciudad" optimistic-lock="true" type="string" unique="false">
            <column length="15" name="ciudad"/>
        </property>
        <property generated="never" lazy="false" name="region" optimistic-lock="true" type="string" unique="false">
            <column length="15" name="region"/>
        </property>
        <property generated="never" lazy="false" name="cp" optimistic-lock="true" type="string" unique="false">
            <column length="10" name="cp"/>
        </property>
        <property generated="never" lazy="false" name="pais" optimistic-lock="true" type="string" unique="false">
            <column length="15" name="pais"/>
        </property>
        <property generated="never" lazy="false" name="telefono" optimistic-lock="true" type="string" unique="false">
            <column length="24" name="telefono"/>
        </property>
        <property generated="never" lazy="false" name="fax" optimistic-lock="true" type="string" unique="false">
            <column length="24" name="fax"/>
        </property>
        <set embed-xml="true" fetch="select" inverse="true" lazy="true" mutable="true" name="pedidoses" optimistic-lock="true" sort="unsorted" table="pedidos">
            <key on-delete="noaction">
                <column name="cliente_id" not-null="true"/>
            </key>
            <one-to-many class="modelos.Pedidos" embed-xml="true" not-found="exception"/>
        </set>
    </class>
</hibernate-mapping>
