<?xml version="1.0" encoding="UTF-8" standalone="no"?>
<!-- Generated 22 may. 2021 11:28:27 by Hibernate Tools 5.4.12.Final --><!DOCTYPE hibernate-mapping PUBLIC "-//Hibernate/Hibernate Mapping DTD 3.0//EN" "http://www.hibernate.org/dtd/hibernate-mapping-3.0.dtd">
<hibernate-mapping auto-import="true" default-access="property" default-cascade="none" default-lazy="true">
    <class catalog="bd_neptuno" dynamic-insert="false" dynamic-update="false" mutable="true" name="modelos.Correoelectronico" optimistic-lock="version" polymorphism="implicit" select-before-update="false" table="correoelectronico">
        <id name="idCorreo" type="int">
            <column name="IdCorreo"/>
            <generator class="assigned"/>
        </id>
        <many-to-one class="modelos.Profesor" embed-xml="true" fetch="select" insert="true" name="profesor" not-found="exception" optimistic-lock="true" unique="false" update="true">
            <column name="IdProfesor"/>
        </many-to-one>
        <property generated="never" lazy="false" name="direccionCorreo" optimistic-lock="true" type="string" unique="false">
            <column name="DireccionCorreo"/>
        </property>
    </class>
</hibernate-mapping>
